-- phpMyAdmin SQL Dump
-- version 4.8.5
-- https://www.phpmyadmin.net/
--
-- Host: localhost:3306
-- Generation Time: May 03, 2019 at 08:14 AM
-- Server version: 10.3.14-MariaDB
-- PHP Version: 7.3.2

SET SQL_MODE = "NO_AUTO_VALUE_ON_ZERO";
SET AUTOCOMMIT = 0;
START TRANSACTION;
SET time_zone = "+00:00";


/*!40101 SET @OLD_CHARACTER_SET_CLIENT=@@CHARACTER_SET_CLIENT */;
/*!40101 SET @OLD_CHARACTER_SET_RESULTS=@@CHARACTER_SET_RESULTS */;
/*!40101 SET @OLD_COLLATION_CONNECTION=@@COLLATION_CONNECTION */;
/*!40101 SET NAMES utf8mb4 */;

--
-- Database: `id9352898_phonicapp`
--

-- --------------------------------------------------------

--
-- Table structure for table `lesson_detail`
--

CREATE TABLE `lesson_detail` (
  `lesson_id` int(10) NOT NULL COMMENT 'รหัสบทเรียน',
  `level` varchar(5) COLLATE utf8_unicode_ci NOT NULL COMMENT 'Level No',
  `lesson_no` int(5) NOT NULL COMMENT 'ลำดับบทเรียน',
  `lesson_name` varchar(100) COLLATE utf8_unicode_ci NOT NULL COMMENT 'ชื่อบทเรียน',
  `lesson_desc` varchar(100) COLLATE utf8_unicode_ci NOT NULL COMMENT 'คำอธิบายบทเรียน',
  `small_image` varchar(50) COLLATE utf8_unicode_ci NOT NULL COMMENT 'รูปบทเรียน',
  `big_image` varchar(50) COLLATE utf8_unicode_ci NOT NULL COMMENT 'รูปบทเรียนใหญ่',
  `maxpage` int(11) NOT NULL,
  `create_date` timestamp NOT NULL DEFAULT current_timestamp() ON UPDATE current_timestamp()
) ENGINE=InnoDB DEFAULT CHARSET=utf8 COLLATE=utf8_unicode_ci;

--
-- Dumping data for table `lesson_detail`
--

INSERT INTO `lesson_detail` (`lesson_id`, `level`, `lesson_no`, `lesson_name`, `lesson_desc`, `small_image`, `big_image`, `maxpage`, `create_date`) VALUES
(1, '1', 1, 'Lesson 1', 'Letter Sounds', 'img/level1/1.jpg', 'img/level1/1big.jpg', 5, '2019-04-18 12:57:24'),
(2, '1', 2, 'Lesson 2', 'Word with Short Vowel \' a \'', 'img/level1/2.jpg', 'img/level1/2big.jpg', 3, '2019-04-18 12:57:24'),
(3, '1', 3, 'Lesson 3', 'Word with Short Vowel \' e \'', 'img/level1/3.jpg', 'img/level1/3big.jpg', 2, '2019-04-18 12:57:24'),
(4, '1', 4, 'Lesson 4', 'Word with Short Vowel \' i \'', 'img/level1/4.jpg', 'img/level1/4big.jpg', 2, '2019-04-18 12:57:24'),
(5, '1', 5, 'Lesson 5', 'Word with Short Vowel \' o \'', 'img/level1/5.jpg', 'img/level1/5big.jpg', 3, '2019-04-18 12:57:24'),
(6, '1', 6, 'Lesson 6', 'Word with Short Vowel \' u \'', 'img/level1/6.jpg', 'img/level1/6big.jpg', 3, '2019-04-18 12:57:24'),
(7, '2', 1, 'Lesson 1', 'Word with Initial Consonant Blends', 'img/level2/1.jpg', 'img/level2/1.jpg', 2, '2019-04-18 13:35:25'),
(8, '2', 2, 'Lesson 2', 'Word with Final Consonant Blends', 'img/level2/2.jpg', 'img/level2/2.jpg', 2, '2019-04-29 23:38:04'),
(9, '2', 3, 'Lesson 3', 'Word with Initial and Final Consonant Blends', 'img/level2/3.jpg', 'img/level2/3.jpg', 2, '2019-04-29 23:38:38'),
(10, '2', 4, 'Lesson 4', 'Word with Final Double Consonant Blends', 'img/level2/4.jpg', 'img/level2/4.jpg', 2, '2019-04-29 23:46:22'),
(11, '2', 5, 'Lesson 5', 'Word Ending with ‘ck’', 'img/level2/5.jpg', 'img/level2/5.jpg', 2, '2019-04-29 23:53:56'),
(12, '2', 6, 'Lesson 6', 'Word Ending with ‘ng’', 'img/level2/6.jpg', 'img/level2/6.jpg', 2, '2019-04-30 00:01:10'),
(13, '2', 7, 'Lesson 7', 'Word Ending with ‘nk’', 'img/level2/7.jpg', 'img/level2/7.jpg', 2, '2019-05-01 04:25:27'),
(14, '2', 8, 'Lesson 8', 'Word Ending with ‘tch’', 'img/level2/8.jpg', 'img/level2/8.jpg', 2, '2019-05-01 04:25:27'),
(15, '2', 9, 'Lesson 9', 'Word Beginning with ‘sh’ and Word Ending with ‘sh’', 'img/level2/9.jpg', 'img/level2/9.jpg', 2, '2019-05-01 04:47:35'),
(16, '2', 10, 'Lesson 10', 'Word Beginning with ‘ch’ and Word Ending with ‘ch’', 'img/level2/10.jpg', 'img/level2/10.jpg', 2, '2019-05-01 04:47:35'),
(17, '2', 11, 'Lesson 11', 'Word Beginning with ‘th’ and Word Ending with ‘th’', 'img/level2/11.jpg', 'img/level2/11.jpg', 2, '2019-05-01 04:59:19'),
(18, '2', 12, 'Lesson 12', 'Names is Short Vowels', 'img/level2/12.jpg', 'img/level2/12.jpg', 3, '2019-05-01 04:59:19'),
(19, '2', 13, 'Lesson 13', 'Names with Consonant Blends, Double Consonants and Consonant Digraphs', 'img/level2/13.jpg', 'img/level2/13.jpg', 3, '2019-05-01 04:59:19'),
(20, '3', 1, 'Lesson 1', 'Words with Silent ‘ e ’ - Long ‘ a ’ Sound', 'img/level3/1.jpg', 'img/level3/1.jpg', 3, '2019-05-01 04:59:19'),
(21, '3', 2, 'Lesson 2', 'Words with Silent ‘ e ’ - Long ‘ i ’ Sound', 'img/level3/2.jpg', 'img/level3/2.jpg', 3, '2019-05-01 04:59:19'),
(22, '3', 3, 'Lesson 3', 'Words with Silent ‘ e ’ - Long ‘ o ’ Sound', 'img/level3/3.jpg', 'img/level3/3.jpg', 3, '2019-05-01 04:59:19'),
(23, '3', 4, 'Lesson 4', 'Words with Silent ‘ e ’ - Long ‘ u ’ Sound', 'img/level3/4.jpg', 'img/level3/4.jpg', 2, '2019-05-01 04:59:19'),
(24, '3', 5, 'Lesson 5', 'Words Ending with ‘ ce ’', 'img/level3/5.jpg', 'img/level3/5.jpg', 3, '2019-05-01 04:59:19'),
(25, '3', 6, 'Lesson 6', 'Words with ‘ ee ’', 'img/level3/6.jpg', 'img/level3/6.jpg', 3, '2019-05-01 04:59:19'),
(26, '3', 7, 'Lesson 7', 'Words with ‘ ea ’', 'img/level3/7.jpg', 'img/level3/7.jpg', 3, '2019-05-01 04:59:19'),
(27, '3', 8, 'Lesson 8', 'Words with ‘ ai ’', 'img/level3/8.jpg', 'img/level3/8.jpg', 3, '2019-05-01 04:59:19'),
(28, '3', 9, 'Lesson 9', 'Words Ending with ‘ ay ’', 'img/level3/9.jpg', 'img/level3/9.jpg', 2, '2019-05-01 04:59:19'),
(29, '3', 10, 'Lesson 10', 'Words with ‘ oa ’', 'img/level3/10.jpg', 'img/level3/10.jpg', 3, '2019-05-01 04:59:19'),
(30, '3', 11, 'Lesson 11', 'Words with ‘ ow ’', 'img/level3/11.jpg', 'img/level3/11.jpg', 3, '2019-05-01 04:59:19'),
(31, '4', 1, 'Lesson 1', 'Words with ‘ oo ’', 'img/level4/1.jpg', 'img/level4/1.jpg', 3, '2019-05-01 04:59:19'),
(32, '4', 2, 'Lesson 2', 'Words with ‘ ar ’', 'img/level4/2.jpg', 'img/level4/2.jpg', 3, '2019-05-01 04:59:19'),
(33, '4', 3, 'Lesson 3', 'Words with ‘ or ’', 'img/level4/3.jpg', 'img/level4/3.jpg', 2, '2019-05-01 04:59:19'),
(34, '4', 4, 'Lesson 4', 'Words with ‘ er ’', 'img/level4/4.jpg', 'img/level4/4.jpg', 1, '2019-05-01 04:59:19'),
(35, '4', 5, 'Lesson 5', 'Double Syllabic Words with ‘ er ’', 'img/level4/5.jpg', 'img/level4/5.jpg', 3, '2019-05-01 04:59:19'),
(36, '4', 6, 'Lesson 6', 'Words with ‘ ir ’', 'img/level4/6.jpg', 'img/level4/6.jpg', 2, '2019-05-01 04:59:19'),
(37, '4', 7, 'Lesson 7', 'Words with ‘ ur ’', 'img/level4/7.jpg', 'img/level4/7.jpg', 2, '2019-05-01 04:59:19'),
(38, '4', 8, 'Lesson 8', 'Words with ‘ ore ’ and Words with ‘ ie ’', 'img/level4/8.jpg', 'img/level4/8.jpg', 2, '2019-05-02 04:07:19'),
(39, '4', 9, 'Lesson 9', 'Words with ‘ ou ’', 'img/level4/9.jpg', 'img/level4/9.jpg', 2, '2019-05-02 11:00:00'),
(40, '4', 10, 'Lesson 10', 'Words with ‘ ow ’', 'img/level4/10.jpg', 'img/level4/10.jpg', 2, '2019-05-02 11:00:00'),
(41, '4', 11, 'Lesson 11', 'Words with ‘ aw ’', 'img/level4/11.jpg', 'img/level4/11.jpg', 2, '2019-05-02 11:00:00'),
(42, '4', 12, 'Lesson 12', 'Words with ‘ al ’', 'img/level4/12.jpg', 'img/level4/12.jpg', 2, '2019-05-02 11:00:00'),
(43, '4', 13, 'Lesson 13', 'Words with ‘ oi ’ and Words with ‘ oy ’', 'img/level4/13.jpg', 'img/level4/13.jpg', 3, '2019-05-02 03:50:47'),
(44, '4', 14, 'Lesson 14', 'Words with ‘ ear ’', 'img/level4/14.jpg', 'img/level4/14.jpg', 2, '2019-05-02 11:00:00'),
(45, '4', 15, 'Lesson 15', 'Words with ‘ air ’ and Words with ‘ are ’', 'img/level4/15.jpg', 'img/level4/15.jpg', 2, '2019-05-02 03:50:47'),
(46, '4', 16, 'Lesson 16', 'Double Syllabic Words Ending with ‘ y ’', 'img/level4/16.jpg', 'img/level4/16.jpg', 3, '2019-05-02 03:50:47'),
(47, '4', 17, 'Lesson 17', 'Words Ending with ‘ le ’', 'img/level4/17.jpg', 'img/level4/17.jpg', 3, '2019-05-02 03:50:47'),
(48, '4', 18, 'Lesson 18', 'Words Ending with ‘ ght ’', 'img/level4/18.jpg', 'img/level4/18.jpg', 2, '2019-05-02 03:50:47'),
(49, '4', 19, 'Lesson 19', 'Words with ‘ qu ’ and Words with ‘ ph ’', 'img/level4/19.jpg', 'img/level4/19.jpg', 3, '2019-05-02 03:50:47'),
(50, '4', 20, 'Lesson 20', 'Compound Words', 'img/level4/20.jpg', 'img/level4/20.jpg', 3, '2019-05-02 03:50:47');

-- --------------------------------------------------------

--
-- Table structure for table `user_account`
--

CREATE TABLE `user_account` (
  `user_id` int(10) NOT NULL COMMENT 'รหัสผู้ใช้',
  `user_name` varchar(30) NOT NULL,
  `user_pwd` varchar(20) NOT NULL,
  `user_fullname` varchar(50) NOT NULL,
  `user_position` varchar(50) NOT NULL,
  `user_school` varchar(50) NOT NULL,
  `user_email` varchar(50) NOT NULL,
  `create_date` timestamp NOT NULL DEFAULT current_timestamp() ON UPDATE current_timestamp()
) ENGINE=InnoDB DEFAULT CHARSET=utf8;

--
-- Dumping data for table `user_account`
--

INSERT INTO `user_account` (`user_id`, `user_name`, `user_pwd`, `user_fullname`, `user_position`, `user_school`, `user_email`, `create_date`) VALUES
(1, 'admin_secret', 'rlcuRMQ51jRDk', 'Golf', 'ผู้ปกครอง', 'มหาวิทยาลัยราชภัฏเลย', 'nrbs@hotmail.com', '2019-05-02 05:33:06'),
(2, 'Aum', 'rlCqQL5Ja2Ubc', 'อัมราภา', 'อาจารย์', 'มหาวิทยาลัยราชภัฏเลย', 'aummarapornenged@gmail.com', '2019-05-02 05:33:43'),
(3, 'Bic', 'rlCqQL5Ja2Ubc', 'Bic', 'ผู้ปกครอง', 'โรงเรียนอนุบาลเพชรบุรี', 'bigbigcu@hotmail.com', '2019-05-02 05:25:58'),
(4, 'Aum2', 'rlUAvTjD382y2', 'aaa', 'นักเรียน', 'sfsdf', 'fsdf@ccc', '2019-05-02 07:16:41'),
(5, 'aaa', 'rlUAvTjD382y2', 'aaa', 'นักเรียน', 'โรงเรียน aa', 'a@a', '2019-05-02 07:32:32');

-- --------------------------------------------------------

--
-- Table structure for table `word_detail`
--

CREATE TABLE `word_detail` (
  `word_id` int(10) NOT NULL COMMENT 'รหัสคำศัพท์',
  `lesson_id` int(10) NOT NULL COMMENT 'รหัสบทเรียน',
  `word_no` int(10) NOT NULL COMMENT 'ลำดับคำศัพท์',
  `page_no` varchar(5) COLLATE utf8_unicode_ci NOT NULL COMMENT 'หน้าที่',
  `word_show` varchar(50) COLLATE utf8_unicode_ci NOT NULL COMMENT 'ชื่อคำศัพท์',
  `word_speak` varchar(50) COLLATE utf8_unicode_ci NOT NULL COMMENT 'เสียงคำศัพท์',
  `word_image` varchar(100) COLLATE utf8_unicode_ci NOT NULL COMMENT 'รูปคำศัพท์',
  `create_date` timestamp NOT NULL DEFAULT current_timestamp() ON UPDATE current_timestamp()
) ENGINE=InnoDB DEFAULT CHARSET=utf8 COLLATE=utf8_unicode_ci;

--
-- Dumping data for table `word_detail`
--

INSERT INTO `word_detail` (`word_id`, `lesson_id`, `word_no`, `page_no`, `word_show`, `word_speak`, `word_image`, `create_date`) VALUES
(1, 1, 1, '1', 'A a', 'ant', 'img/word/ant.jpg', '2019-04-18 11:03:14'),
(2, 1, 2, '1', 'B b', 'bag', 'img/word/bag.jpg', '2019-04-18 11:05:09'),
(3, 1, 3, '1', 'C c', 'cat', 'img/word/cat.jpg', '2019-04-18 11:05:09'),
(4, 1, 4, '1', 'D d', 'dog', 'img/word/dog.jpg', '2019-04-18 11:05:09'),
(5, 1, 5, '1', 'E e', 'egg', 'img/word/egg.jpg', '2019-04-18 11:05:09'),
(6, 1, 6, '1', 'F f', 'fan', 'img/word/fan.jpg', '2019-04-18 11:05:09'),
(7, 1, 7, '2', 'G g', 'gun', 'img/word/gun.jpg', '2019-04-18 11:43:32'),
(8, 1, 8, '2', 'H h', 'hat', 'img/word/hat.jpg', '2019-04-18 11:43:32'),
(9, 1, 9, '2', 'I i', 'ink', 'img/word/ink.jpg', '2019-04-18 11:43:32'),
(10, 1, 10, '2', 'J j', 'jug', 'img/word/jug.jpg', '2019-04-18 11:43:32'),
(11, 1, 11, '2', 'K k', 'king', 'img/word/king.jpg', '2019-04-18 11:43:32'),
(12, 1, 12, '2', 'L l', 'lip', 'img/word/lip.jpg', '2019-04-18 11:43:33'),
(13, 1, 13, '3', 'M m', 'mug', 'img/word/mug.jpg', '2019-04-18 11:43:33'),
(14, 1, 14, '3', 'N n', 'nose', 'img/word/nose.jpg', '2019-04-18 11:43:33'),
(15, 1, 15, '3', 'O o', 'orange', 'img/word/orange.jpg', '2019-04-18 11:43:33'),
(16, 1, 16, '3', 'P p', 'pen', 'img/word/pen.jpg', '2019-04-18 11:43:33'),
(17, 1, 17, '3', 'Q q', 'queen', 'img/word/queen.jpg', '2019-04-18 11:43:33'),
(18, 1, 18, '4', 'R r', 'rat', 'img/word/rat.jpg', '2019-04-18 11:47:35'),
(19, 1, 19, '4', 'S s', 'sun', 'img/word/sun.jpg', '2019-04-18 11:47:35'),
(20, 1, 20, '4', 'T t', 'tap', 'img/word/tap.jpg', '2019-04-18 11:47:35'),
(21, 1, 21, '4', 'U u', 'umbrella', 'img/word/umbrella.jpg', '2019-04-18 11:47:35'),
(22, 1, 22, '4', 'V v', 'van', 'img/word/van.jpg', '2019-04-18 11:47:35'),
(23, 1, 23, '5', 'W w', 'wolf', 'img/word/wolf.jpg', '2019-04-18 11:50:08'),
(24, 1, 24, '5', 'X x', 'x-ray', 'img/word/x-ray.jpg', '2019-04-18 11:50:08'),
(25, 1, 25, '5', 'Y y', 'yak', 'img/word/yak.jpg', '2019-04-18 11:50:08'),
(26, 1, 26, '5', 'Z z', 'zip', 'img/word/zip.jpg', '2019-04-18 11:50:08'),
(27, 2, 1, '1', 'Cat', 'cat', 'img/word/cat2.jpg', '2019-04-20 01:49:37'),
(28, 2, 2, '1', 'Rat', 'rat', 'img/word/rat2.jpg', '2019-04-20 01:49:37'),
(29, 2, 3, '1', 'Hat', 'hat', 'img/word/hat2.jpg', '2019-04-20 01:49:37'),
(30, 2, 4, '1', 'Fan', 'fan', 'img/word/fan2.jpg', '2019-04-20 01:49:37'),
(31, 2, 5, '2', 'Man', 'man', 'img/word/man.jpg', '2019-04-20 01:49:37'),
(32, 2, 6, '2', 'Pan', 'pan', 'img/word/pan.jpg', '2019-04-20 01:49:37'),
(33, 2, 7, '2', 'Jam', 'jam', 'img/word/jam.jpg', '2019-04-20 01:49:37'),
(34, 2, 8, '2', 'Ham', 'ham', 'img/word/ham.jpg', '2019-04-20 01:49:37'),
(35, 2, 9, '3', 'Bag', 'bag', 'img/word/bag2.jpg', '2019-04-20 01:49:37'),
(36, 2, 10, '3', 'Cap', 'cap', 'img/word/cap.jpg', '2019-04-20 01:49:37'),
(37, 2, 11, '3', 'Cab', 'cab', 'img/word/cab.jpg', '2019-04-20 01:49:37'),
(38, 2, 12, '3', 'Tap', 'tap', 'img/word/tap2.jpg', '2019-04-20 01:49:37'),
(39, 3, 1, '1', 'Bed', 'bed', 'img/word/bed.jpg', '2019-04-20 01:52:34'),
(40, 3, 2, '1', 'Red', 'red', 'img/word/red.jpg', '2019-04-20 01:52:34'),
(41, 3, 3, '1', 'Hen', 'hen', 'img/word/hen.jpg', '2019-04-20 01:52:34'),
(42, 3, 4, '1', 'Net', 'net', 'img/word/net.jpg', '2019-04-20 01:52:34'),
(43, 3, 5, '2', 'Ten', 'ten', 'img/word/ten.jpg', '2019-04-20 01:52:34'),
(44, 3, 6, '2', 'Peg', 'peg', 'img/word/peg.jpg', '2019-04-20 01:52:34'),
(45, 3, 7, '2', 'Leg', 'leg', 'img/word/leg.jpg', '2019-04-20 01:52:34'),
(46, 3, 8, '2', 'Jet', 'jet', 'img/word/jet.jpg', '2019-04-20 01:52:34'),
(47, 4, 1, '1', 'Dig', 'dig', 'img/word/dig.jpg', '2019-04-20 01:52:34'),
(48, 4, 2, '1', 'Win', 'win', 'img/word/win.jpg', '2019-04-20 01:52:34'),
(49, 4, 3, '1', 'Zip', 'zip', 'img/word/zip2.jpg', '2019-04-20 01:52:34'),
(50, 4, 4, '1', 'Hip', 'hip', 'img/word/hip.jpg', '2019-04-20 01:52:34'),
(51, 4, 5, '2', 'Bin', 'bin', 'img/word/bin.jpg', '2019-04-20 01:52:34'),
(52, 4, 6, '2', 'Pin', 'pin', 'img/word/pin.jpg', '2019-04-20 01:52:34'),
(53, 4, 7, '2', 'Sit', 'sit', 'img/word/sit.jpg', '2019-04-20 01:52:34'),
(54, 4, 8, '2', 'Hit', 'hit', 'img/word/hit.jpg', '2019-04-20 01:52:34'),
(55, 5, 1, '1', 'Dog', 'dog', 'img/word/dog2.jpg', '2019-04-20 01:56:33'),
(56, 5, 2, '1', 'Log', 'log', 'img/word/log.jpg', '2019-04-20 01:56:33'),
(57, 5, 3, '1', 'Jog', 'jog', 'img/word/jog.jpg', '2019-04-20 01:56:33'),
(58, 5, 4, '1', 'Cot', 'cot', 'img/word/cot.jpg', '2019-04-20 01:56:33'),
(59, 5, 5, '2', 'Hop', 'hop', 'img/word/hop.jpg', '2019-04-20 01:56:33'),
(60, 5, 6, '2', 'Pot', 'pot', 'img/word/pot.jpg', '2019-04-20 01:56:33'),
(61, 5, 7, '2', 'Rod', 'rod', 'img/word/rod.jpg', '2019-04-20 01:56:33'),
(62, 5, 8, '2', 'Cod', 'cod', 'img/word/cod.jpg', '2019-04-20 01:56:33'),
(63, 5, 9, '3', 'Mop', 'mop', 'img/word/mop.jpg', '2019-04-20 01:56:33'),
(64, 5, 10, '3', 'Fox', 'fox', 'img/word/fox.jpg', '2019-04-20 01:56:33'),
(65, 5, 11, '3', 'Ox', 'ox', 'img/word/ox.jpg', '2019-04-20 01:56:33'),
(66, 5, 12, '3', 'Box', 'box', 'img/word/box.jpg', '2019-04-20 01:56:33'),
(67, 6, 1, '1', 'Tub', 'tub', 'img/word/tub.jpg', '2019-04-20 01:56:33'),
(68, 6, 2, '1', 'Hut', 'hut', 'img/word/hut.jpg', '2019-04-20 01:56:33'),
(69, 6, 3, '1', 'Mud', 'mud', 'img/word/mud.jpg', '2019-04-20 01:56:33'),
(70, 6, 4, '1', 'Bug', 'bug', 'img/word/bug.jpg', '2019-04-20 01:56:33'),
(71, 6, 5, '2', 'Hug', 'hug', 'img/word/hug.jpg', '2019-04-20 01:56:33'),
(72, 6, 6, '2', 'Jug', 'jug', 'img/word/jug2.jpg', '2019-04-20 01:56:33'),
(73, 6, 7, '2', 'Mug', 'mug', 'img/word/mug2.jpg', '2019-04-20 01:56:33'),
(74, 6, 8, '2', 'Rug', 'rug', 'img/word/rug.jpg', '2019-04-20 01:56:33'),
(75, 6, 9, '3', 'Bun', 'bun', 'img/word/bun.jpg', '2019-04-20 01:56:33'),
(76, 6, 10, '3', 'Gun', 'gun', 'img/word/gun2.jpg', '2019-04-20 01:56:33'),
(77, 6, 11, '3', 'Run', 'run', 'img/word/run.jpg', '2019-04-20 01:56:33'),
(78, 6, 12, '3', 'Cup', 'cup', 'img/word/cup.jpg', '2019-04-20 01:56:33'),
(79, 7, 1, '1', 'Clam', 'clam', 'img/word/clam.jpg', '2019-04-20 01:56:33'),
(80, 7, 2, '1', 'Clap', 'clap', 'img/word/clap.jpg', '2019-04-20 01:56:33'),
(81, 7, 3, '1', 'Clip', 'clip', 'img/word/clip.jpg', '2019-04-20 01:56:33'),
(82, 7, 4, '1', 'Crab', 'crab', 'img/word/crab.jpg', '2019-04-20 01:57:35'),
(83, 7, 5, '1', 'Flag', 'flag', 'img/word/flag.jpg', '2019-04-20 01:57:35'),
(84, 7, 6, '2', 'Slip', 'slip', 'img/word/slip.jpg', '2019-04-20 01:57:35'),
(85, 7, 7, '2', 'Plane', 'plane', 'img/word/plane.jpg', '2019-04-20 01:57:35'),
(86, 7, 8, '2', 'Plum', 'plum', 'img/word/plum.jpg', '2019-04-20 01:57:35'),
(87, 7, 9, '2', 'Slim', 'slim', 'img/word/slim.jpg', '2019-04-20 01:57:35'),
(88, 8, 1, '1', 'Lift', 'lift', 'img/word/lift.jpg', '2019-04-29 23:36:57'),
(89, 8, 2, '1', 'Desk', 'desk', 'img/word/desk.jpg', '2019-04-29 23:36:57'),
(90, 8, 3, '1', 'Golf', 'golf', 'img/word/golf.jpg', '2019-04-29 23:34:48'),
(91, 8, 4, '1', 'Belt', 'belt', 'img/word/belt.jpg', '2019-04-29 23:34:48'),
(92, 8, 5, '1', 'Milk', 'milk', 'img/word/milk.jpg', '2019-04-29 23:34:48'),
(93, 8, 6, '1', 'West', 'west', 'img/word/west.jpg', '2019-04-29 23:34:49'),
(94, 8, 7, '2', 'Lamp', 'lamp', 'img/word/lamp.jpg', '2019-04-29 23:34:49'),
(95, 8, 8, '2', 'Pond', 'pond', 'img/word/pond.jpg', '2019-04-29 23:34:49'),
(96, 8, 9, '2', 'Bulb', 'bulb', 'img/word/bulb.jpg', '2019-04-29 23:34:49'),
(97, 8, 10, '2', 'Camp', 'camp', 'img/word/camp.jpg', '2019-04-29 23:34:49'),
(98, 8, 11, '2', 'Hand', 'hand', 'img/word/hand.jpg', '2019-04-29 23:34:49'),
(99, 8, 12, '2', 'Tent', 'tent', 'img/word/tent.jpg', '2019-04-29 23:34:49'),
(100, 9, 1, '1', 'Clamp', 'clamp', 'img/word/clamp.jpg', '2019-04-29 23:43:52'),
(101, 9, 2, '1', 'Plump', 'plump', 'img/word/plump.jpg', '2019-04-29 23:43:52'),
(102, 9, 3, '1', 'Stamp', 'stamp', 'img/word/stamp.jpg', '2019-04-29 23:43:52'),
(103, 9, 4, '2', 'Stump', 'stump', 'img/word/stump.jpg', '2019-04-29 23:43:52'),
(104, 9, 5, '2', 'Blond', 'blond', 'img/word/blond.jpg', '2019-04-29 23:43:52'),
(105, 9, 6, '2', 'Stand', 'stand', 'img/word/stand.jpg', '2019-04-29 23:43:52'),
(106, 10, 1, '1', 'Bell', 'bell', 'img/word/bell.jpg', '2019-04-29 23:52:01'),
(107, 10, 2, '1', 'Smell', 'smell', 'img/word/smell.jpg', '2019-04-29 23:52:02'),
(108, 10, 3, '1', 'Well', 'well', 'img/word/well.jpg', '2019-04-29 23:52:02'),
(109, 10, 4, '1', 'Yell', 'yell', 'img/word/yell.jpg', '2019-04-29 23:52:02'),
(110, 10, 5, '1', 'Bill', 'bill', 'img/word/bill.jpg', '2019-04-29 23:52:02'),
(111, 10, 6, '1', 'Ill', 'ill', 'img/word/ill.jpg', '2019-04-29 23:52:02'),
(112, 10, 7, '2', 'Moss', 'moss', 'img/word/moss.jpg', '2019-04-29 23:52:02'),
(113, 10, 8, '2', 'Dress', 'dress', 'img/word/dress.jpg', '2019-04-29 23:52:02'),
(114, 10, 9, '2', 'Kiss', 'kiss', 'img/word/kiss.jpg', '2019-04-29 23:52:02'),
(115, 11, 1, '1', 'Cock', 'cock', 'img/word/cock.jpg', '2019-04-29 23:59:23'),
(116, 11, 2, '1', 'Clock', 'clock', 'img/word/clock.jpg', '2019-04-29 23:59:23'),
(117, 11, 3, '1', 'Duck', 'duck', 'img/word/duck.jpg', '2019-04-29 23:59:23'),
(118, 11, 4, '1', 'Sack', 'sack', 'img/word/sack.jpg', '2019-04-29 23:59:23'),
(119, 11, 5, '1', 'Lock', 'lock', 'img/word/lock.jpg', '2019-04-29 23:59:23'),
(120, 11, 6, '1', 'Neck', 'neck', 'img/word/neck.jpg', '2019-04-29 23:59:23'),
(121, 11, 7, '2', 'Rock', 'rock', 'img/word/rock.jpg', '2019-04-29 23:59:23'),
(122, 11, 8, '2', 'Sock', 'sock', 'img/word/sock.jpg', '2019-04-29 23:59:23'),
(123, 11, 9, '2', 'Truck', 'truck', 'img/word/truck.jpg', '2019-04-29 23:59:23'),
(124, 12, 1, '1', 'Ring', 'ring', 'img/word/ring.jpg', '2019-04-30 00:05:30'),
(125, 12, 2, '1', 'Sing', 'sing', 'img/word/sing.jpg', '2019-04-30 00:05:30'),
(126, 12, 3, '1', 'Swing', 'swing', 'img/word/swing.jpg', '2019-04-30 00:05:30'),
(127, 12, 4, '2', 'Lung', 'lung', 'img/word/lung.jpg', '2019-04-30 00:05:30'),
(128, 12, 5, '2', 'Gong', 'gong', 'img/word/gong.jpg', '2019-04-30 00:05:30'),
(129, 12, 6, '2', 'Strong', 'strong', 'img/word/strong.jpg', '2019-04-30 00:05:30'),
(130, 13, 1, '1', 'Bank', 'bank', 'img/word/bank.jpg', '2019-05-01 04:21:03'),
(131, 13, 2, '1', 'Tank', 'tank', 'img/word/tank.jpg', '2019-05-01 04:22:31'),
(132, 13, 3, '1', 'Drink', 'drink', 'img/word/drink.jpg', '2019-05-01 04:22:31'),
(133, 13, 4, '2', 'Ink', 'ink', 'img/word/ink2.jpg', '2019-05-01 04:24:00'),
(134, 13, 5, '2', 'Pink', 'pink', 'img/word/pink.jpg', '2019-05-01 04:22:31'),
(135, 13, 6, '2', 'Sink', 'sink', 'img/word/sink.jpg', '2019-05-01 04:22:31'),
(136, 14, 1, '1', 'Catch', 'catch', 'img/word/catch.jpg', '2019-05-01 04:30:57'),
(137, 14, 2, '1', 'Match', 'match', 'img/word/match.jpg', '2019-05-01 04:30:57'),
(138, 14, 3, '1', 'Witch', 'witch', 'img/word/witch.jpg', '2019-05-01 04:30:57'),
(139, 14, 4, '2', 'Switch', 'switch', 'img/word/switch.jpg', '2019-05-01 04:30:57'),
(140, 14, 5, '2', 'Sketch', 'sketch', 'img/word/sketch.jpg', '2019-05-01 04:30:57'),
(141, 14, 6, '2', 'Latch', 'latch', 'img/word/latch.jpg', '2019-05-01 04:30:57'),
(142, 15, 1, '1', 'Shed', 'shed', 'img/word/shed.jpg', '2019-05-01 04:45:35'),
(143, 15, 2, '1', 'Shelf', 'shelf', 'img/word/shelf.jpg', '2019-05-01 04:45:35'),
(144, 15, 3, '1', 'Shell', 'shell', 'img/word/shell.jpg', '2019-05-01 04:45:35'),
(145, 15, 4, '1', 'Shin', 'shin', 'img/word/shin.jpg', '2019-05-01 04:45:35'),
(146, 15, 5, '1', 'Shop', 'shop', 'img/word/shop.jpg', '2019-05-01 04:45:35'),
(147, 15, 6, '1', 'Shock', 'shock', 'img/word/shock.jpg', '2019-05-01 04:45:35'),
(148, 15, 7, '2', 'Cash', 'cash', 'img/word/cash.jpg', '2019-05-01 04:45:35'),
(149, 15, 8, '2', 'Dish', 'dish', 'img/word/dish.jpg', '2019-05-01 04:45:36'),
(150, 15, 9, '2', 'Fish', 'fish', 'img/word/fish.jpg', '2019-05-01 04:45:36'),
(151, 15, 10, '2', 'Brush', 'brush', 'img/word/brush.jpg', '2019-05-01 04:45:36'),
(152, 15, 11, '2', 'Splash', 'splash', 'img/word/splash.jpg', '2019-05-01 04:45:36'),
(153, 15, 12, '2', 'Flash', 'flash', 'img/word/flash.jpg', '2019-05-01 04:45:36'),
(154, 16, 1, '1', 'Chin', 'chin', 'img/word/chin.jpg', '2019-05-01 04:54:08'),
(155, 16, 2, '1', 'Chip', 'chip', 'img/word/chip.jpg', '2019-05-01 04:54:08'),
(156, 16, 3, '1', 'Chop', 'chop', 'img/word/chop.jpg', '2019-05-01 04:54:08'),
(157, 16, 4, '1', 'Chess', 'chess', 'img/word/chess.jpg', '2019-05-01 04:54:08'),
(158, 16, 5, '1', 'Chest', 'chest', 'img/word/chest.jpg', '2019-05-01 04:54:08'),
(159, 16, 6, '1', 'Chick', 'chick', 'img/word/chick.jpg', '2019-05-01 04:54:08'),
(160, 16, 7, '2', 'Bench', 'bench', 'img/word/bench.jpg', '2019-05-01 04:54:08'),
(161, 16, 8, '2', 'Lunch', 'lunch', 'img/word/lunch.jpg', '2019-05-01 04:54:08'),
(162, 16, 9, '2', 'Rich', 'rich', 'img/word/rich.jpg', '2019-05-01 04:54:08'),
(163, 16, 10, '2', 'Punch', 'punch', 'img/word/punch.jpg', '2019-05-01 04:54:08'),
(164, 17, 1, '1', 'Thin', 'thin', 'img/word/thin.jpg', '2019-05-01 05:06:01'),
(165, 17, 2, '1', 'Thick', 'thick', 'img/word/thick.jpg', '2019-05-01 05:06:01'),
(166, 17, 3, '1', 'Thumb', 'thumb', 'img/word/thumb.jpg', '2019-05-01 05:06:01'),
(167, 17, 4, '1', 'Think', 'think', 'img/word/think.jpg', '2019-05-01 05:06:01'),
(168, 17, 5, '2', 'Broth', 'broth', 'img/word/broth.jpg', '2019-05-01 05:06:01'),
(169, 17, 6, '2', 'Cloth', 'cloth', 'img/word/cloth.jpg', '2019-05-01 05:06:01'),
(170, 17, 7, '2', 'Moth', 'moth', 'img/word/moth.jpg', '2019-05-01 05:06:01'),
(171, 18, 1, '1', 'Max', 'max', 'img/word/max.jpg', '2019-05-01 05:14:30'),
(172, 18, 2, '1', 'Pat', 'pat', 'img/word/pat.jpg', '2019-05-01 05:14:30'),
(173, 18, 3, '1', 'Pam', 'pam', 'img/word/pam.jpg', '2019-05-01 05:14:30'),
(174, 18, 4, '1', 'Sam', 'sam', 'img/word/sam.jpg', '2019-05-01 05:14:30'),
(175, 18, 5, '2', 'Ben', 'ben', 'img/word/ben.jpg', '2019-05-01 05:14:30'),
(176, 18, 6, '2', 'Ted', 'ted', 'img/word/ted.jpg', '2019-05-01 05:14:30'),
(177, 18, 7, '2', 'Ned', 'ned', 'img/word/ned.jpg', '2019-05-01 05:14:30'),
(178, 18, 8, '2', 'Kim', 'kim', 'img/word/kim.jpg', '2019-05-01 05:14:30'),
(179, 18, 9, '3', 'Liz', 'liz', 'img/word/liz.jpg', '2019-05-01 05:14:30'),
(180, 18, 10, '3', 'Don', 'don', 'img/word/don.jpg', '2019-05-01 05:14:30'),
(181, 18, 11, '3', 'Ron', 'ron', 'img/word/ron.jpg', '2019-05-01 05:14:30'),
(182, 18, 12, '3', 'Gus', 'gus', 'img/word/gus.jpg', '2019-05-01 05:14:30'),
(183, 19, 1, '1', 'Brad', 'brad', 'img/word/brad.jpg', '2019-05-01 05:55:57'),
(184, 19, 2, '1', 'Stan', 'stan', 'img/word/stan.jpg', '2019-05-01 05:55:57'),
(185, 19, 3, '1', 'Gwen', 'gwen', 'img/word/gwen.jpg', '2019-05-01 05:55:57'),
(186, 19, 4, '2', 'Bill', 'bill', 'img/word/bill2.jpg', '2019-05-01 05:55:57'),
(187, 19, 5, '2', 'Todd', 'todd', 'img/word/todd.jpg', '2019-05-01 05:55:57'),
(188, 19, 6, '2', 'Jess', 'jess', 'img/word/jess.jpg', '2019-05-01 05:55:57'),
(189, 19, 7, '3', 'Nick', 'nick', 'img/word/nick.jpg', '2019-05-01 05:55:57'),
(190, 19, 8, '3', 'Bing', 'bing', 'img/word/bing.jpg', '2019-05-01 05:55:57'),
(191, 19, 9, '3', 'Beth', 'beth', 'img/word/beth.jpg', '2019-05-01 05:55:57'),
(192, 20, 1, '1', 'Cake', 'cake', 'img/word/cake.jpg', '2019-05-01 06:08:46'),
(193, 20, 2, '1', 'Snake', 'snake', 'img/word/snake.jpg', '2019-05-01 06:08:46'),
(194, 20, 3, '1', 'Plane', 'plane', 'img/word/plane2.jpg', '2019-05-01 06:08:46'),
(195, 20, 4, '2', 'Skate', 'skate', 'img/word/skate.jpg', '2019-05-01 06:08:46'),
(196, 20, 5, '2', 'Cave', 'cave', 'img/word/cave.jpg', '2019-05-01 06:08:46'),
(197, 20, 6, '2', 'Plate', 'plate', 'img/word/plate.jpg', '2019-05-01 06:08:46'),
(198, 20, 7, '3', 'Grapes', 'grapes', 'img/word/grapes.jpg', '2019-05-01 06:08:46'),
(199, 20, 8, '3', 'Wave', 'wave', 'img/word/wave.jpg', '2019-05-01 06:08:46'),
(200, 20, 9, '3', 'Crane', 'crane', 'img/word/crane.jpg', '2019-05-01 06:08:46'),
(201, 21, 1, '1', 'Bride', 'bride', 'img/word/bride.jpg', '2019-05-01 06:19:10'),
(202, 21, 2, '1', 'Mine', 'mine', 'img/word/mine.jpg', '2019-05-01 06:19:10'),
(203, 21, 3, '1', 'Knife', 'knife', 'img/word/knife.jpg', '2019-05-01 06:19:10'),
(204, 21, 4, '2', 'Smile', 'smile', 'img/word/smile.jpg', '2019-05-01 06:19:10'),
(205, 21, 5, '2', 'Kite', 'kite', 'img/word/kite.jpg', '2019-05-01 06:19:10'),
(206, 21, 6, '2', 'Drive', 'drive', 'img/word/drive.jpg', '2019-05-01 06:19:10'),
(207, 21, 7, '3', 'Five', 'five', 'img/word/five.jpg', '2019-05-01 06:19:10'),
(208, 21, 8, '3', 'Time', 'time', 'img/word/time.jpg', '2019-05-01 06:19:10'),
(209, 21, 9, '3', 'Lime', 'lime', 'img/word/lime.jpg', '2019-05-01 06:19:10'),
(210, 22, 1, '1', 'Toe', 'toe', 'img/word/toe.jpg', '2019-05-01 07:25:34'),
(211, 22, 2, '1', 'Mole', 'mole', 'img/word/mole.jpg', '2019-05-01 07:25:34'),
(212, 22, 3, '1', 'Cone', 'cone', 'img/word/cone.jpg', '2019-05-01 07:25:35'),
(213, 22, 4, '2', 'Bone', 'bone', 'img/word/bone.jpg', '2019-05-01 07:25:35'),
(214, 22, 5, '2', 'Rose', 'rose', 'img/word/rose.jpg', '2019-05-01 07:25:35'),
(215, 22, 6, '2', 'Nose', 'nose', 'img/word/nose2.jpg', '2019-05-01 07:25:35'),
(216, 22, 7, '3', 'Stone', 'stone', 'img/word/stone.jpg', '2019-05-01 07:25:35'),
(217, 22, 8, '3', 'Rope', 'rope', 'img/word/rope.jpg', '2019-05-01 07:25:35'),
(218, 22, 9, '3', 'Doe', 'doe', 'img/word/doe.jpg', '2019-05-01 07:25:35'),
(219, 23, 1, '1', 'Tune', 'tune', 'img/word/tune.jpg', '2019-05-01 07:56:06'),
(220, 23, 2, '1', 'Cube', 'cube', 'img/word/cube.jpg', '2019-05-01 07:56:06'),
(221, 23, 3, '1', 'Tube', 'tube', 'img/word/tube.jpg', '2019-05-01 07:56:06'),
(222, 23, 4, '2', 'Plume', 'plume', 'img/word/plume.jpg', '2019-05-01 07:56:06'),
(223, 23, 5, '2', 'June', 'june', 'img/word/june.jpg', '2019-05-01 07:56:06'),
(224, 23, 6, '2', 'Prune', 'prune', 'img/word/prune.jpg', '2019-05-01 07:56:06'),
(225, 24, 1, '1', 'Face', 'face', 'img/word/face.jpg', '2019-05-01 08:33:58'),
(226, 24, 2, '1', 'Prince', 'prince', 'img/word/prince.jpg', '2019-05-01 08:33:58'),
(227, 24, 3, '1', 'Ice', 'ice', 'img/word/ice.jpg', '2019-05-01 08:33:58'),
(228, 24, 4, '2', 'Race', 'race', 'img/word/race.jpg', '2019-05-01 08:33:58'),
(229, 24, 5, '2', 'Mice', 'mice', 'img/word/mice.jpg', '2019-05-01 08:33:58'),
(230, 24, 6, '2', 'Rice', 'rice', 'img/word/rice.jpg', '2019-05-01 08:33:58'),
(231, 24, 7, '3', 'Fence', 'fence', 'img/word/fence.jpg', '2019-05-01 08:33:58'),
(232, 24, 8, '3', 'Spice', 'spice', 'img/word/spice.jpg', '2019-05-01 08:33:58'),
(233, 24, 9, '3', 'Price', 'price', 'img/word/price.jpg', '2019-05-01 08:33:58'),
(234, 25, 1, '1', 'Bee', 'bee', 'img/word/bee.jpg', '2019-05-01 08:50:48'),
(235, 25, 2, '1', 'Tree', 'tree', 'img/word/tree.jpg', '2019-05-01 08:50:48'),
(236, 25, 3, '1', 'Three', 'three', 'img/word/three.jpg', '2019-05-01 08:50:48'),
(237, 25, 4, '2', 'Feed', 'feed', 'img/word/feed.jpg', '2019-05-01 08:50:48'),
(238, 25, 5, '2', 'Seed', 'seed', 'img/word/seed.jpg', '2019-05-01 08:50:48'),
(239, 25, 6, '2', 'Cheek', 'cheek', 'img/word/cheek.jpg', '2019-05-01 08:50:48'),
(240, 25, 7, '3', 'Teeth', 'teeth', 'img/word/teeth.jpg', '2019-05-01 08:50:48'),
(241, 25, 8, '3', 'Green', 'green', 'img/word/green.jpg', '2019-05-01 08:50:48'),
(242, 25, 9, '3', 'Jeep', 'jeep', 'img/word/jeep.jpg', '2019-05-01 08:50:48'),
(243, 26, 1, '1', 'Sea', 'sea', 'img/word/sea.jpg', '2019-05-01 09:12:03'),
(244, 26, 2, '1', 'Tea', 'tea', 'img/word/tea.jpg', '2019-05-01 09:12:03'),
(245, 26, 3, '1', 'Flea', 'flea', 'img/word/flea.jpg', '2019-05-01 09:12:03'),
(246, 26, 4, '2', 'Peach', 'peach', 'img/word/peach.jpg', '2019-05-01 09:12:03'),
(247, 26, 5, '2', 'Teach', 'teach', 'img/word/teach.jpg', '2019-05-01 09:12:03'),
(248, 26, 6, '2', 'Read', 'read', 'img/word/read.jpg', '2019-05-01 09:12:03'),
(249, 26, 7, '3', 'Leaf', 'leaf', 'img/word/leaf.jpg', '2019-05-01 09:12:03'),
(250, 26, 8, '3', 'Jeans', 'jeans', 'img/word/jeans.jpg', '2019-05-01 09:12:03'),
(251, 26, 9, '3', 'Seal', 'seal', 'img/word/seal.jpg', '2019-05-01 09:12:03'),
(252, 27, 1, '1', 'Maid', 'maid', 'img/word/maid.jpg', '2019-05-01 09:45:45'),
(253, 27, 2, '1', 'Nail', 'nail', 'img/word/nail.jpg', '2019-05-01 09:45:45'),
(254, 27, 3, '1', 'Rail', 'rail', 'img/word/rail.jpg', '2019-05-01 09:45:45'),
(255, 27, 4, '2', 'Snail', 'snail', 'img/word/snail.jpg', '2019-05-01 09:45:45'),
(256, 27, 5, '2', 'Chain', 'chain', 'img/word/chain.jpg', '2019-05-01 09:45:45'),
(257, 27, 6, '2', 'Paint', 'paint', 'img/word/paint.jpg', '2019-05-01 09:45:45'),
(258, 27, 7, '3', 'Rain', 'rain', 'img/word/rain.jpg', '2019-05-01 09:45:45'),
(259, 27, 8, '3', 'Train', 'train', 'img/word/train.jpg', '2019-05-01 09:45:45'),
(260, 27, 9, '3', 'Mail', 'mail', 'img/word/mail.jpg', '2019-05-01 09:45:45'),
(261, 28, 1, '1', 'Pay', 'pay', 'img/word/pay.jpg', '2019-05-01 09:45:45'),
(262, 28, 2, '1', 'Jay', 'jay', 'img/word/jay.jpg', '2019-05-01 09:45:45'),
(263, 28, 3, '1', 'Pray', 'pray', 'img/word/pray.jpg', '2019-05-01 09:45:45'),
(264, 28, 4, '2', 'Play', 'play', 'img/word/play.jpg', '2019-05-01 09:45:45'),
(265, 28, 5, '2', 'Tray', 'tray', 'img/word/tray.jpg', '2019-05-01 09:45:45'),
(266, 28, 6, '2', 'Spray', 'spray', 'img/word/spray.jpg', '2019-05-01 09:45:45'),
(267, 29, 1, '1', 'Road', 'road', 'img/word/road.jpg', '2019-05-01 09:50:02'),
(268, 29, 2, '1', 'Toad', 'toad', 'img/word/toad.jpg', '2019-05-01 09:50:02'),
(269, 29, 3, '1', 'Oak', 'oak', 'img/word/oak.jpg', '2019-05-01 09:50:02'),
(270, 29, 4, '2', 'Coal', 'coal', 'img/word/coal.jpg', '2019-05-01 09:50:03'),
(271, 29, 5, '2', 'Foal', 'foal', 'img/word/foal.jpg', '2019-05-01 09:50:03'),
(272, 29, 6, '2', 'Cloak', 'cloak', 'img/word/cloak.jpg', '2019-05-01 09:50:03'),
(273, 29, 7, '3', 'Soap', 'soap', 'img/word/soap.jpg', '2019-05-01 09:50:03'),
(274, 29, 8, '3', 'Boat', 'boat', 'img/word/boat.jpg', '2019-05-01 09:50:03'),
(275, 29, 9, '3', 'Goat', 'goat', 'img/word/goat.jpg', '2019-05-01 09:50:03'),
(276, 30, 1, '1', 'Bow', 'bow', 'img/word/bow.jpg', '2019-05-01 09:56:21'),
(277, 30, 2, '1', 'Blow', 'blow', 'img/word/blow.jpg', '2019-05-01 09:56:21'),
(278, 30, 3, '1', 'Row', 'row', 'img/word/row.jpg', '2019-05-01 09:56:21'),
(279, 30, 4, '2', 'Crow', 'crow', 'img/word/crow.jpg', '2019-05-01 09:56:21'),
(280, 30, 5, '2', 'Snow', 'snow', 'img/word/snow.jpg', '2019-05-01 09:56:21'),
(281, 30, 6, '2', 'Arrow', 'arrow', 'img/word/arrow.jpg', '2019-05-01 09:56:21'),
(282, 30, 7, '3', 'Pillow', 'pillow', 'img/word/pillow.jpg', '2019-05-01 09:56:21'),
(283, 30, 8, '3', 'Bowl', 'bowl', 'img/word/bowl.jpg', '2019-05-01 09:56:21'),
(284, 30, 9, '3', 'Sparrow', 'sparrow', 'img/word/sparrow.jpg', '2019-05-01 09:56:21'),
(285, 31, 1, '1', 'Hood', 'hood', 'img/word/hood.jpg', '2019-05-01 10:26:22'),
(286, 31, 2, '1', 'Foot', 'foot', 'img/word/foot.jpg', '2019-05-01 10:27:47'),
(287, 31, 3, '1', 'Book', 'book', 'img/word/book.jpg', '2019-05-01 10:23:59'),
(288, 31, 4, '1', 'Cook', 'cook', 'img/word/cook.jpg', '2019-05-01 10:23:59'),
(289, 31, 5, '2', 'Food', 'food', 'img/word/food.jpg', '2019-05-01 10:23:59'),
(290, 31, 6, '2', 'Pool', 'pool', 'img/word/pool.jpg', '2019-05-01 10:23:59'),
(291, 31, 7, '2', 'Stool', 'stool', 'img/word/stool.jpg', '2019-05-01 10:23:59'),
(292, 31, 8, '2', 'Broom', 'broom', 'img/word/broom.jpg', '2019-05-01 10:23:59'),
(293, 31, 9, '2', 'Moon', 'moon', 'img/word/moon.jpg', '2019-05-01 10:23:59'),
(294, 31, 10, '3', 'Hoop', 'hoop', 'img/word/hoop.jpg', '2019-05-01 10:23:59'),
(295, 31, 11, '3', 'Goose', 'goose', 'img/word/goose.jpg', '2019-05-01 10:23:59'),
(296, 31, 12, '3', 'Moose', 'moose', 'img/word/moose.jpg', '2019-05-01 10:23:59'),
(297, 31, 13, '3', 'Booth', 'booth', 'img/word/booth.jpg', '2019-05-01 10:23:59'),
(298, 32, 1, '1', 'Car', 'car', 'img/word/car.jpg', '2019-05-01 10:33:11'),
(299, 32, 2, '1', 'Jar', 'jar', 'img/word/jar.jpg', '2019-05-01 10:33:11'),
(300, 32, 3, '1', 'Star', 'star', 'img/word/star.jpg', '2019-05-01 10:33:11'),
(301, 32, 4, '2', 'Card', 'card', 'img/word/card.jpg', '2019-05-01 10:33:11'),
(302, 32, 5, '2', 'Bark', 'bark', 'img/word/bark.jpg', '2019-05-01 10:33:11'),
(303, 32, 6, '2', 'Harp', 'harp', 'img/word/harp.jpg', '2019-05-01 10:33:11'),
(304, 32, 7, '3', 'Shark', 'shark', 'img/word/shark.jpg', '2019-05-01 10:33:11'),
(305, 32, 8, '3', 'Farm', 'farm', 'img/word/farm.jpg', '2019-05-01 10:33:11'),
(306, 32, 9, '3', 'Tart', 'tart', 'img/word/tart.jpg', '2019-05-01 10:33:11'),
(307, 33, 1, '1', 'Torch', 'torch', 'img/word/torch.jpg', '2019-05-01 10:43:52'),
(308, 33, 2, '1', 'Cork', 'cork', 'img/word/cork.jpg', '2019-05-01 10:43:52'),
(309, 33, 3, '1', 'Corn', 'corn', 'img/word/corn.jpg', '2019-05-01 10:43:52'),
(310, 33, 4, '2', 'Horn', 'horn', 'img/word/horn.jpg', '2019-05-01 10:43:52'),
(311, 33, 5, '2', 'Horse', 'horse', 'img/word/horse.jpg', '2019-05-01 10:43:52'),
(312, 33, 6, '2', 'Fort', 'fort', 'img/word/fort.jpg', '2019-05-01 10:43:52'),
(313, 34, 1, '1', 'Herb', 'herb', 'img/word/herb.jpg', '2019-05-01 10:42:39'),
(314, 34, 2, '1', 'Perch', 'perch', 'img/word/perch.jpg', '2019-05-01 10:42:39'),
(315, 34, 3, '1', 'Fern', 'fern', 'img/word/fern.jpg', '2019-05-01 10:42:39'),
(316, 34, 4, '1', 'Herd', 'herd', 'img/word/herd.jpg', '2019-05-01 10:42:39'),
(317, 35, 1, '1', 'Barber', 'barber', 'img/word/barber.jpg', '2019-05-01 10:50:18'),
(318, 35, 2, '1', 'Cooker', 'cooker', 'img/word/cooker.jpg', '2019-05-01 10:50:18'),
(319, 35, 3, '1', 'Dagger', 'dagger', 'img/word/dagger.jpg', '2019-05-01 10:50:18'),
(320, 35, 4, '2', 'Driver', 'driver', 'img/word/driver.jpg', '2019-05-01 10:50:18'),
(321, 35, 5, '2', 'Farmer', 'farmer', 'img/word/farmer.jpg', '2019-05-01 10:50:18'),
(322, 35, 6, '2', 'Finger', 'finger', 'img/word/finger.jpg', '2019-05-01 10:50:18'),
(323, 35, 7, '3', 'Flower', 'flower', 'img/word/flower.jpg', '2019-05-01 10:50:18'),
(324, 35, 8, '3', 'Hammer', 'hammer', 'img/word/hammer.jpg', '2019-05-01 10:50:18'),
(325, 35, 9, '3', 'Lobster', 'lobster', 'img/word/lobster.jpg', '2019-05-01 10:50:18'),
(326, 36, 1, '1', 'Bird', 'bird', 'img/word/bird.jpg', '2019-05-01 10:54:28'),
(327, 36, 2, '1', 'First', 'first', 'img/word/first.jpg', '2019-05-01 10:54:28'),
(328, 36, 3, '1', 'Fir', 'fir', 'img/word/fir.jpg', '2019-05-01 10:54:28'),
(329, 36, 4, '2', 'Girl', 'girl', 'img/word/girl.jpg', '2019-05-01 10:54:28'),
(330, 36, 5, '2', 'Shirt', 'shirt', 'img/word/shirt.jpg', '2019-05-01 10:54:28'),
(331, 36, 6, '2', 'Skirt', 'skirt', 'img/word/skirt.jpg', '2019-05-01 10:54:28'),
(332, 37, 1, '1', 'Fur', 'fur', 'img/word/fur.jpg', '2019-05-01 10:58:59'),
(333, 37, 2, '1', 'Burn', 'burn', 'img/word/burn.jpg', '2019-05-01 10:58:59'),
(334, 37, 3, '1', 'Church', 'church', 'img/word/church.jpg', '2019-05-01 10:58:59'),
(335, 37, 4, '2', 'Curl', 'curl', 'img/word/curl.jpg', '2019-05-01 10:58:59'),
(336, 37, 5, '2', 'Surf', 'surf', 'img/word/surf.jpg', '2019-05-01 10:58:59'),
(337, 37, 6, '2', 'Nurse', 'nurse', 'img/word/nurse.jpg', '2019-05-01 10:58:59'),
(338, 38, 1, '1', 'Core', 'core', 'img/word/core.jpg', '2019-05-01 11:02:48'),
(339, 38, 2, '1', 'Store', 'store', 'img/word/store.jpg', '2019-05-01 11:02:48'),
(340, 38, 3, '1', 'Snore', 'snore', 'img/word/snore.jpg', '2019-05-01 11:02:48'),
(341, 38, 4, '2', 'Cookie', 'cookie', 'img/word/cookie.jpg', '2019-05-01 11:02:48'),
(342, 38, 5, '2', 'Field', 'field', 'img/word/field.jpg', '2019-05-01 11:02:48'),
(343, 38, 6, '2', 'Shield', 'shield', 'img/word/shield.jpg', '2019-05-01 11:02:48'),
(344, 39, 1, '1', 'Cloud', 'cloud', 'img/word/cloud.jpg', '2019-05-02 03:22:42'),
(345, 39, 2, '1', 'Loud', 'loud', 'img/word/loud.jpg', '2019-05-02 03:22:42'),
(346, 39, 3, '1', 'Ground', 'ground', 'img/word/ground.jpg', '2019-05-02 03:22:42'),
(347, 39, 4, '2', 'House', 'house', 'img/word/house.jpg', '2019-05-02 03:22:42'),
(348, 39, 5, '2', 'Mouse', 'mouse', 'img/word/mouse.jpg', '2019-05-02 03:22:42'),
(349, 39, 6, '2', 'Scout', 'scout', 'img/word/scout.jpg', '2019-05-02 03:22:42'),
(350, 40, 1, '1', 'Cow', 'cow', 'img/word/cow.jpg', '2019-05-02 03:29:16'),
(351, 40, 2, '1', 'Town', 'town', 'img/word/town.jpg', '2019-05-02 03:29:16'),
(352, 40, 3, '1', 'Brown', 'brown', 'img/word/brown.jpg', '2019-05-02 03:29:16'),
(353, 40, 4, '2', 'Crow', 'crow', 'img/word/crow2.jpg', '2019-05-02 03:29:16'),
(354, 40, 5, '2', 'Crown', 'crown', 'img/word/crown.jpg', '2019-05-02 03:29:16'),
(355, 40, 6, '2', 'Owl', 'owl', 'img/word/owl.jpg', '2019-05-02 03:29:16'),
(356, 41, 1, '1', 'Claw', 'claw', 'img/word/claw.jpg', '2019-05-02 03:36:50'),
(357, 41, 2, '1', 'Jaw', 'jaw', 'img/word/jaw.jpg', '2019-05-02 03:36:50'),
(358, 41, 3, '1', 'Paw', 'paw', 'img/word/paw.jpg', '2019-05-02 03:36:50'),
(359, 41, 4, '2', 'Saw', 'saw', 'img/word/saw.jpg', '2019-05-02 03:36:50'),
(360, 41, 5, '2', 'Hawk', 'hawk', 'img/word/hawk.jpg', '2019-05-02 03:36:50'),
(361, 41, 6, '2', 'Crawl', 'crawl', 'img/word/crawl.jpg', '2019-05-02 03:36:50'),
(362, 42, 1, '1', 'Chalk', 'chalk', 'img/word/chalk.jpg', '2019-05-02 03:54:20'),
(363, 42, 2, '1', 'Talk', 'talk', 'img/word/talk.jpg', '2019-05-02 03:54:20'),
(364, 42, 3, '1', 'Walk', 'walk', 'img/word/walk.jpg', '2019-05-02 03:54:20'),
(365, 42, 4, '2', 'Ball', 'ball', 'img/word/ball.jpg', '2019-05-02 03:54:20'),
(366, 42, 5, '2', 'Wall', 'wall', 'img/word/wall.jpg', '2019-05-02 03:54:20'),
(367, 42, 6, '2', 'Stall', 'stall', 'img/word/stall.jpg', '2019-05-02 03:54:20'),
(368, 43, 1, '1', 'Oil', 'oil', 'img/word/oil.jpg', '2019-05-02 03:52:59'),
(369, 43, 2, '1', 'Boil', 'boil', 'img/word/boil.jpg', '2019-05-02 03:52:59'),
(370, 43, 3, '1', 'Foil', 'foil', 'img/word/foil.jpg', '2019-05-02 03:52:59'),
(371, 43, 4, '2', 'Soil', 'soil', 'img/word/soil.jpg', '2019-05-02 03:52:59'),
(372, 43, 5, '2', 'Coin', 'coin', 'img/word/coin.jpg', '2019-05-02 03:52:59'),
(373, 43, 6, '2', 'Point', 'point', 'img/word/point.jpg', '2019-05-02 03:52:59'),
(374, 43, 7, '3', 'Boy', 'boy', 'img/word/boy.jpg', '2019-05-02 03:52:59'),
(375, 43, 8, '3', 'Joy', 'joy', 'img/word/joy.jpg', '2019-05-02 03:52:59'),
(376, 43, 9, '3', 'Toy', 'toy', 'img/word/toy.jpg', '2019-05-02 03:52:59'),
(377, 44, 1, '1', 'Earth', 'earth', 'img/word/earth.jpg', '2019-05-02 04:01:39'),
(378, 44, 2, '1', 'Learn', 'learn', 'img/word/learn.jpg', '2019-05-02 04:01:39'),
(379, 44, 3, '1', 'Pearl', 'pearl', 'img/word/pearl.jpg', '2019-05-02 04:01:39'),
(380, 44, 4, '2', 'Spear', 'spear', 'img/word/spear.jpg', '2019-05-02 04:01:39'),
(381, 44, 5, '2', 'Tear', 'tear', 'img/word/tear.jpg', '2019-05-02 04:01:39'),
(382, 44, 6, '2', 'Hear', 'hear', 'img/word/hear.jpg', '2019-05-02 04:01:39'),
(383, 45, 1, '1', 'Hare', 'hare', 'img/word/hare.jpg', '2019-05-02 04:13:36'),
(384, 45, 2, '1', 'Pare', 'pare', 'img/word/pare.jpg', '2019-05-02 04:13:36'),
(385, 45, 3, '1', 'Scare', 'scare', 'img/word/scare.jpg', '2019-05-02 04:13:36'),
(386, 45, 4, '2', 'Fair', 'fair', 'img/word/fair.jpg', '2019-05-02 04:13:36'),
(387, 45, 5, '2', 'Chair', 'chair', 'img/word/chair.jpg', '2019-05-02 04:13:37'),
(388, 45, 6, '2', 'Stair', 'stair', 'img/word/stair.jpg', '2019-05-02 04:13:37'),
(389, 46, 1, '1', 'Baby', 'baby', 'img/word/baby.jpg', '2019-05-02 04:21:02'),
(390, 46, 2, '1', 'Sunny', 'sunny', 'img/word/sunny.jpg', '2019-05-02 04:21:02'),
(391, 46, 3, '1', 'Teddy', 'teddy', 'img/word/teddy.jpg', '2019-05-02 04:21:02'),
(392, 46, 4, '2', 'Fairy', 'fairy', 'img/word/fairy.jpg', '2019-05-02 04:21:02'),
(393, 46, 5, '2', 'Cherry', 'cherry', 'img/word/cherry.jpg', '2019-05-02 04:21:02'),
(394, 46, 6, '2', 'Jelly', 'jelly', 'img/word/jelly.jpg', '2019-05-02 04:21:02'),
(395, 46, 7, '3', 'Berry', 'berry', 'img/word/berry.jpg', '2019-05-02 04:21:02'),
(396, 46, 8, '3', 'Happy', 'happy', 'img/word/happy.jpg', '2019-05-02 04:21:02'),
(397, 46, 9, '3', 'Pony', 'pony', 'img/word/pony.jpg', '2019-05-02 04:21:02'),
(398, 47, 1, '1', 'Bubble', 'bubble', 'img/word/bubble.jpg', '2019-05-02 04:31:13'),
(399, 47, 2, '1', 'Candle', 'candle', 'img/word/candle.jpg', '2019-05-02 04:31:13'),
(400, 47, 3, '1', 'Paddle', 'paddle', 'img/word/paddle.jpg', '2019-05-02 04:31:13'),
(401, 47, 4, '2', 'Temple', 'temple', 'img/word/temple.jpg', '2019-05-02 04:31:13'),
(402, 47, 5, '2', 'Jungle', 'jungle', 'img/word/jungle.jpg', '2019-05-02 04:31:13'),
(403, 47, 6, '2', 'Apple', 'apple', 'img/word/apple.jpg', '2019-05-02 04:31:13'),
(404, 47, 7, '3', 'Cockle', 'cockle', 'img/word/cockle.jpg', '2019-05-02 04:31:13'),
(405, 47, 8, '3', 'Bottle', 'bottle', 'img/word/bottle.jpg', '2019-05-02 04:31:13'),
(406, 47, 9, '3', 'Kettle', 'kettle', 'img/word/kettle.jpg', '2019-05-02 04:31:13'),
(407, 48, 1, '1', 'Fight', 'fight', 'img/word/fight.jpg', '2019-05-02 04:42:55'),
(408, 48, 2, '1', 'Night', 'night', 'img/word/night.jpg', '2019-05-02 04:42:55'),
(409, 48, 3, '1', 'Right', 'right', 'img/word/right.jpg', '2019-05-02 04:42:55'),
(410, 48, 4, '2', 'Tight', 'tight', 'img/word/tight.jpg', '2019-05-02 04:42:55'),
(411, 48, 5, '2', 'Bright', 'bright', 'img/word/bright.jpg', '2019-05-02 04:42:55'),
(412, 48, 6, '2', 'Height', 'height', 'img/word/height.jpg', '2019-05-02 04:42:55'),
(413, 49, 1, '1', 'Queen', 'queen', 'img/word/queen2.jpg', '2019-05-02 04:52:33'),
(414, 49, 2, '1', 'Squeeze', 'squeeze', 'img/word/squeeze.jpg', '2019-05-02 04:52:33'),
(415, 49, 3, '1', 'Squirrel', 'squirrel', 'img/word/squirrel.jpg', '2019-05-02 04:52:33'),
(416, 49, 4, '2', 'Photo', 'photo', 'img/word/photo.jpg', '2019-05-02 04:52:33'),
(417, 49, 5, '2', 'Telephone', 'telephone', 'img/word/telephone.jpg', '2019-05-02 04:52:33'),
(418, 49, 6, '2', 'Saxophone', 'saxophone', 'img/word/saxophone.jpg', '2019-05-02 04:52:33'),
(419, 49, 7, '3', 'Dolphin', 'dolphin', 'img/word/dolphin.jpg', '2019-05-02 04:52:33'),
(420, 49, 8, '3', 'Elephant', 'elephant', 'img/word/elephant.jpg', '2019-05-02 04:52:33'),
(421, 50, 1, '1', 'Cupcake', 'cupcake', 'img/word/cupcake.jpg', '2019-05-02 05:02:56'),
(422, 50, 2, '1', 'Butterfly', 'butterfly', 'img/word/butterfly.jpg', '2019-05-02 05:02:56'),
(423, 50, 3, '1', 'Toothbrush', 'toothbrush', 'img/word/toothbrush.jpg', '2019-05-02 05:02:56'),
(424, 50, 4, '2', 'Bedroom', 'bedroom', 'img/word/bedroom.jpg', '2019-05-02 05:02:56'),
(425, 50, 5, '2', 'Armchair', 'armchair', 'img/word/armchair.jpg', '2019-05-02 05:02:56'),
(426, 50, 6, '2', 'Football', 'football', 'img/word/football.jpg', '2019-05-02 05:02:56'),
(427, 50, 7, '3', 'Airport', 'airport', 'img/word/airport.jpg', '2019-05-02 05:02:56'),
(428, 50, 8, '3', 'Lighthouse', 'lighthouse', 'img/word/lighthouse.jpg', '2019-05-02 05:02:56'),
(429, 50, 9, '3', 'Mushroom', 'mushroom', 'img/word/mushroom.jpg', '2019-05-02 05:02:56');

--
-- Indexes for dumped tables
--

--
-- Indexes for table `lesson_detail`
--
ALTER TABLE `lesson_detail`
  ADD PRIMARY KEY (`lesson_id`);

--
-- Indexes for table `user_account`
--
ALTER TABLE `user_account`
  ADD PRIMARY KEY (`user_id`);

--
-- Indexes for table `word_detail`
--
ALTER TABLE `word_detail`
  ADD PRIMARY KEY (`word_id`);

--
-- AUTO_INCREMENT for dumped tables
--

--
-- AUTO_INCREMENT for table `lesson_detail`
--
ALTER TABLE `lesson_detail`
  MODIFY `lesson_id` int(10) NOT NULL AUTO_INCREMENT COMMENT 'รหัสบทเรียน', AUTO_INCREMENT=224;

--
-- AUTO_INCREMENT for table `user_account`
--
ALTER TABLE `user_account`
  MODIFY `user_id` int(10) NOT NULL AUTO_INCREMENT COMMENT 'รหัสผู้ใช้', AUTO_INCREMENT=6;

--
-- AUTO_INCREMENT for table `word_detail`
--
ALTER TABLE `word_detail`
  MODIFY `word_id` int(10) NOT NULL AUTO_INCREMENT COMMENT 'รหัสคำศัพท์', AUTO_INCREMENT=430;
COMMIT;

/*!40101 SET CHARACTER_SET_CLIENT=@OLD_CHARACTER_SET_CLIENT */;
/*!40101 SET CHARACTER_SET_RESULTS=@OLD_CHARACTER_SET_RESULTS */;
/*!40101 SET COLLATION_CONNECTION=@OLD_COLLATION_CONNECTION */;
